"","team","transect","day","leather","pisaster","fucus","sea.potato","bull","giant","sargassum","turkish"
"1","B",1,1,0.285714285714286,0,113.571428571429,64.7142857142857,10.2857142857143,0.571428571428571,0,0
"2","A",2,1,1,0,26.875,12.375,0,7,0,0
"3","B",3,2,0.166666666666667,0,35.3333333333333,41.1666666666667,0,3.83333333333333,213.333333333333,0
"4","A",4,2,1.28571428571429,0.142857142857143,720,61.5714285714286,0,18,91.1428571428571,152.142857142857
